{    
    "hpub": "10",
    "title": "COMUNICACIÓN NO VERBAL Y PROXEMIA EN LA EXPOSICIÓN DE TRABAJOS",
    "description": "<p>El Curso Exposición y defensa de la Unidad Didáctica pretende facilitar estrategias para la superación de la exposición y defensa de la Unidad Didáctica en los procesos selectivos para la función pública docente.</p>",
    "author": ["Javier González Lara", "Mª Soledad López García"],
    "creator": ["Francisco Moreno Sánchez-Aguililla"],
    "year":"2016",
    "editor":"Marpadal Interactive Media",
    "date": "2016-02-26",
    "url": "www.campuseducacion.com",
    "keywords":"",
    "contents": [
                 "Exposicion_A01",
                 "Exposicion_A02",
                 "Exposicion_A03"
                ]
}